"","var","or","ci_or_lower","ci_or_upper","p","var_group","clean_var","outcome"
"1","any_at",0.915813568221158,0.870562517177338,0.963416727907571,0.000670218266246603,"meds","Any AT vs no AT","covid death"
"2","any_at",1.20013497274928,1.14670257212568,1.25605713968701,4.12599339501264e-15,"meds","Any AT vs no AT","covid hospitalisation"
"3","ac_only",0.928170299675394,0.874699955558775,0.984909282005356,0.0138068960075925,"meds","AC vs AP","covid death"
"4","ac_only",1.17288868106448,1.11135756021241,1.23782651724278,6.62558032546695e-09,"meds","AC vs AP","covid hospitalisation"
"5","doacs",0.998496359525509,0.953256022771828,1.04588374599164,0.949282574996977,"meds","DOACs vs warfarin","covid death"
"6","doacs",0.858085649307715,0.823829393910255,0.893766339233162,1.7971749538566e-13,"meds","DOACs vs warfarin","covid hospitalisation"
