"","var","or","ci_or_lower","ci_or_upper","p","var_group","clean_var","outcome"
"1","any_at",0.870791476875769,0.824743717735193,0.919410211794968,6.00325446155296e-07,"meds","Any AT vs no AT","covid death"
"2","any_at",1.1317993367457,1.08251606292445,1.18332631037126,5.02244378316869e-08,"meds","Any AT vs no AT","covid hospitalisation"
"3","ac_only",0.903085257793211,0.847151791702124,0.962711748746675,0.00177880112038198,"meds","AC vs AP","covid death"
"4","ac_only",1.10063092939668,1.04724649647181,1.15673668694599,0.000156960099550144,"meds","AC vs AP","covid hospitalisation"
"5","doacs",1.02779483708453,0.974257933303158,1.08427367232832,0.315155289006362,"meds","DOACs vs warfarin","covid death"
"6","doacs",0.903706654919169,0.870445673980853,0.938238585769752,1.20983769575921e-07,"meds","DOACs vs warfarin","covid hospitalisation"
