"","var","or","ci_or_lower","ci_or_upper","p","var_group","clean_var","outcome"
"1","any_at",0.927613512026713,0.890833264280216,0.96591232298648,0.000272502897015946,"meds","Any AT vs no AT","covid death"
"2","any_at",1.14073913582674,1.10368882372202,1.17903320939533,5.44046862693856e-15,"meds","Any AT vs no AT","covid hospitalisation"
"3","ac_only",0.93006400659042,0.88719910868755,0.974999915897869,0.00259842288231168,"meds","AC vs AP","covid death"
"4","ac_only",1.11766944687107,1.07667247696708,1.16022747789371,5.39540396928702e-09,"meds","AC vs AP","covid hospitalisation"
"5","doacs",1.00103361988517,0.963787529899792,1.03971910514821,0.957412847618181,"meds","DOACs vs warfarin","covid death"
"6","doacs",0.896062468662928,0.87191859900021,0.920874894361679,3.4091103191978e-15,"meds","DOACs vs warfarin","covid hospitalisation"
