"","var","or","ci_or_lower","ci_or_upper","p","var_group","clean_var","outcome"
"1","any_at",0.835922034858566,0.781000418318114,0.894705856709884,2.35700193441477e-07,"meds","Any AT vs no AT","covid death"
"2","any_at",1.18780564903654,1.11681579009766,1.26330794424008,4.40639196572073e-08,"meds","Any AT vs no AT","covid hospitalisation"
"3","ac_only",0.893971487990041,0.825537623762883,0.968078253897578,0.00580869355326228,"meds","AC vs AP","covid death"
"4","ac_only",1.14155046178628,1.06206010194592,1.22699031289928,0.000324414980205858,"meds","AC vs AP","covid hospitalisation"
"5","doacs",1.03511403532817,0.970320336392396,1.10423437080274,0.295365328123992,"meds","DOACs vs warfarin","covid death"
"6","doacs",0.869997359396907,0.822613650417033,0.920110436988098,1.09426315446626e-06,"meds","DOACs vs warfarin","covid hospitalisation"
